1348246e-fc09-4797-af54-7133de33c4ef,8a70e479-aa8c-4398-ad12-36e2eb703432,ship
a8c8d09f-cbda-4126-a67a-6779f3c0c15b,cacb1997-2ac8-41a5-ba57-71e92ffdf02e,ship
348f3fbf-157a-4aea-8dd4-d292602aa324,52e3c53c-fd6d-4838-b973-4b6c9fcd2939,ship
eb358ae8-e0f1-4351-8be5-ec769b64d719,1dfd3ee2-a98e-4cc9-8637-d8dd8d84292b,ship
d192933f-f3df-4664-98d1-35bec4d679ff,84de7d48-1cac-44ac-b00d-04165cb0a4b3,ship
c8a7a9dd-5465-41a2-84b7-87c54e416819,dad161e2-f098-4a59-9700-a20a75ed7e71,ship
6b00b93e-5211-44fd-8e31-09b60a46ca00,326b1e53-c403-497f-a95c-6b31f1c680f4,ship
3a10ee09-2e2d-422a-9f81-7f4859c0f763,01d2225e-42e9-40cd-a426-c6bb57d4fcd7,ship
5950a631-9ebd-4305-9631-973f01cb6b41,e24a70aa-e844-483c-8968-58022509eb81,ship
dc7a39e1-ce7c-4bff-ba00-8807874920c6,b97e1844-61e6-475c-8c0a-e9dad5a50dde,ship
3f8a85d2-db84-463c-afcd-a76449e14b8d,1fc2ed92-055d-448b-a948-7333db678005,ship
97818d5a-7e8c-4c5d-8427-db49c2df4b15,8a70e479-aa8c-4398-ad12-36e2eb703432,track
ed000051-57e3-4e9f-afa8-f1702544bb06,cacb1997-2ac8-41a5-ba57-71e92ffdf02e,track