major,10,8a70e479-aa8c-4398-ad12-36e2eb703432
major,10,cacb1997-2ac8-41a5-ba57-71e92ffdf02e
major,10,52e3c53c-fd6d-4838-b973-4b6c9fcd2939
major,10,1dfd3ee2-a98e-4cc9-8637-d8dd8d84292b
major,10,84de7d48-1cac-44ac-b00d-04165cb0a4b3
major,10,dad161e2-f098-4a59-9700-a20a75ed7e71
major,10,326b1e53-c403-497f-a95c-6b31f1c680f4
major,10,01d2225e-42e9-40cd-a426-c6bb57d4fcd7
major,10,e24a70aa-e844-483c-8968-58022509eb81
major,10,b97e1844-61e6-475c-8c0a-e9dad5a50dde
major,10,1fc2ed92-055d-448b-a948-7333db678005